id,name,city,country,address,headcount,createdAt,updatedAt
"1","GBP","Gurugram","India","GBP","0","Mon Jan 19 2026 17:22:27 GMT+0530 (India Standard Time)","Mon Jan 19 2026 17:22:27 GMT+0530 (India Standard Time)"
"2","Hyderabad","Hyderabad","India","","0","Mon Feb 02 2026 14:09:52 GMT+0530 (India Standard Time)","Mon Feb 02 2026 14:09:52 GMT+0530 (India Standard Time)"
"4","Test","Test","India","Hyderabad","0","Fri Feb 13 2026 12:07:46 GMT+0530 (India Standard Time)","Tue Feb 17 2026 17:51:27 GMT+0530 (India Standard Time)"